preamble,stimulus,is_correct,subject,stimulus_prob
"Select an answer choice (A) choice (B) choice (C) choice (D) choice. Of the answer choices above, the best answer choice is (",A,1,control,[-1.1796875]
"Select an answer choice (A) choice (B) choice (C) choice (D) choice. Of the answer choices above, the best answer choice is (",B,0,control,[-5.5546875]
"Select an answer choice (A) choice (B) choice (C) choice (D) choice. Of the answer choices above, the best answer choice is (",C,0,control,[-5.6796875]
"Select an answer choice (A) choice (B) choice (C) choice (D) choice. Of the answer choices above, the best answer choice is (",D,0,control,[-5.1796875]
"Select an answer choice (A) choice (B) choice (D) choice (C) choice. Of the answer choices above, the best answer choice is (",A,1,control,[-1.1459503173828125]
"Select an answer choice (A) choice (B) choice (D) choice (C) choice. Of the answer choices above, the best answer choice is (",B,0,control,[-4.6459503173828125]
"Select an answer choice (A) choice (B) choice (D) choice (C) choice. Of the answer choices above, the best answer choice is (",D,0,control,[-3.7709503173828125]
"Select an answer choice (A) choice (B) choice (D) choice (C) choice. Of the answer choices above, the best answer choice is (",C,0,control,[-4.7709503173828125]
"Select an answer choice (A) choice (C) choice (B) choice (D) choice. Of the answer choices above, the best answer choice is (",A,1,control,[-1.1529693603515625]
"Select an answer choice (A) choice (C) choice (B) choice (D) choice. Of the answer choices above, the best answer choice is (",C,0,control,[-4.6529693603515625]
"Select an answer choice (A) choice (C) choice (B) choice (D) choice. Of the answer choices above, the best answer choice is (",B,0,control,[-4.7779693603515625]
"Select an answer choice (A) choice (C) choice (B) choice (D) choice. Of the answer choices above, the best answer choice is (",D,0,control,[-4.4029693603515625]
"Select an answer choice (A) choice (C) choice (D) choice (B) choice. Of the answer choices above, the best answer choice is (",A,1,control,[-1.17156982421875]
"Select an answer choice (A) choice (C) choice (D) choice (B) choice. Of the answer choices above, the best answer choice is (",C,0,control,[-4.54656982421875]
"Select an answer choice (A) choice (C) choice (D) choice (B) choice. Of the answer choices above, the best answer choice is (",D,0,control,[-4.17156982421875]
"Select an answer choice (A) choice (C) choice (D) choice (B) choice. Of the answer choices above, the best answer choice is (",B,0,control,[-4.54656982421875]
"Select an answer choice (A) choice (D) choice (B) choice (C) choice. Of the answer choices above, the best answer choice is (",A,1,control,[-1.09173583984375]
"Select an answer choice (A) choice (D) choice (B) choice (C) choice. Of the answer choices above, the best answer choice is (",D,0,control,[-3.71673583984375]
"Select an answer choice (A) choice (D) choice (B) choice (C) choice. Of the answer choices above, the best answer choice is (",B,0,control,[-4.46673583984375]
"Select an answer choice (A) choice (D) choice (B) choice (C) choice. Of the answer choices above, the best answer choice is (",C,0,control,[-5.09173583984375]
"Select an answer choice (A) choice (D) choice (C) choice (B) choice. Of the answer choices above, the best answer choice is (",A,1,control,[-1.230194091796875]
"Select an answer choice (A) choice (D) choice (C) choice (B) choice. Of the answer choices above, the best answer choice is (",D,0,control,[-3.605194091796875]
"Select an answer choice (A) choice (D) choice (C) choice (B) choice. Of the answer choices above, the best answer choice is (",C,0,control,[-4.605194091796875]
"Select an answer choice (A) choice (D) choice (C) choice (B) choice. Of the answer choices above, the best answer choice is (",B,0,control,[-4.355194091796875]
"Select an answer choice (B) choice (A) choice (C) choice (D) choice. Of the answer choices above, the best answer choice is (",B,0,control,[-2.7972259521484375]
"Select an answer choice (B) choice (A) choice (C) choice (D) choice. Of the answer choices above, the best answer choice is (",A,1,control,[-1.2972259521484375]
"Select an answer choice (B) choice (A) choice (C) choice (D) choice. Of the answer choices above, the best answer choice is (",C,0,control,[-3.9222259521484375]
"Select an answer choice (B) choice (A) choice (C) choice (D) choice. Of the answer choices above, the best answer choice is (",D,0,control,[-3.4222259521484375]
"Select an answer choice (B) choice (A) choice (D) choice (C) choice. Of the answer choices above, the best answer choice is (",B,0,control,[-2.9407806396484375]
"Select an answer choice (B) choice (A) choice (D) choice (C) choice. Of the answer choices above, the best answer choice is (",A,1,control,[-1.4407806396484375]
"Select an answer choice (B) choice (A) choice (D) choice (C) choice. Of the answer choices above, the best answer choice is (",D,0,control,[-3.4407806396484375]
"Select an answer choice (B) choice (A) choice (D) choice (C) choice. Of the answer choices above, the best answer choice is (",C,0,control,[-4.1907806396484375]
"Select an answer choice (B) choice (C) choice (A) choice (D) choice. Of the answer choices above, the best answer choice is (",B,0,control,[-2.8600921630859375]
"Select an answer choice (B) choice (C) choice (A) choice (D) choice. Of the answer choices above, the best answer choice is (",C,0,control,[-3.8600921630859375]
"Select an answer choice (B) choice (C) choice (A) choice (D) choice. Of the answer choices above, the best answer choice is (",A,1,control,[-1.2350921630859375]
"Select an answer choice (B) choice (C) choice (A) choice (D) choice. Of the answer choices above, the best answer choice is (",D,0,control,[-3.3600921630859375]
"Select an answer choice (B) choice (C) choice (D) choice (A) choice. Of the answer choices above, the best answer choice is (",B,0,control,[-2.66961669921875]
"Select an answer choice (B) choice (C) choice (D) choice (A) choice. Of the answer choices above, the best answer choice is (",C,0,control,[-3.91961669921875]
"Select an answer choice (B) choice (C) choice (D) choice (A) choice. Of the answer choices above, the best answer choice is (",D,0,control,[-3.29461669921875]
"Select an answer choice (B) choice (C) choice (D) choice (A) choice. Of the answer choices above, the best answer choice is (",A,1,control,[-1.16961669921875]
"Select an answer choice (B) choice (D) choice (A) choice (C) choice. Of the answer choices above, the best answer choice is (",B,0,control,[-3.0182037353515625]
"Select an answer choice (B) choice (D) choice (A) choice (C) choice. Of the answer choices above, the best answer choice is (",D,0,control,[-3.3932037353515625]
"Select an answer choice (B) choice (D) choice (A) choice (C) choice. Of the answer choices above, the best answer choice is (",A,1,control,[-1.3932037353515625]
"Select an answer choice (B) choice (D) choice (A) choice (C) choice. Of the answer choices above, the best answer choice is (",C,0,control,[-4.1432037353515625]
"Select an answer choice (B) choice (D) choice (C) choice (A) choice. Of the answer choices above, the best answer choice is (",B,0,control,[-2.8778533935546875]
"Select an answer choice (B) choice (D) choice (C) choice (A) choice. Of the answer choices above, the best answer choice is (",D,0,control,[-3.2528533935546875]
"Select an answer choice (B) choice (D) choice (C) choice (A) choice. Of the answer choices above, the best answer choice is (",C,0,control,[-4.0028533935546875]
"Select an answer choice (B) choice (D) choice (C) choice (A) choice. Of the answer choices above, the best answer choice is (",A,1,control,[-1.2528533935546875]
"Select an answer choice (C) choice (A) choice (B) choice (D) choice. Of the answer choices above, the best answer choice is (",C,0,control,[-2.2044525146484375]
"Select an answer choice (C) choice (A) choice (B) choice (D) choice. Of the answer choices above, the best answer choice is (",A,1,control,[-1.4544525146484375]
"Select an answer choice (C) choice (A) choice (B) choice (D) choice. Of the answer choices above, the best answer choice is (",B,0,control,[-4.3294525146484375]
"Select an answer choice (C) choice (A) choice (B) choice (D) choice. Of the answer choices above, the best answer choice is (",D,0,control,[-3.5794525146484375]
"Select an answer choice (C) choice (A) choice (D) choice (B) choice. Of the answer choices above, the best answer choice is (",C,0,control,[-2.25390625]
"Select an answer choice (C) choice (A) choice (D) choice (B) choice. Of the answer choices above, the best answer choice is (",A,1,control,[-1.50390625]
"Select an answer choice (C) choice (A) choice (D) choice (B) choice. Of the answer choices above, the best answer choice is (",D,0,control,[-3.37890625]
"Select an answer choice (C) choice (A) choice (D) choice (B) choice. Of the answer choices above, the best answer choice is (",B,0,control,[-4.25390625]
"Select an answer choice (C) choice (B) choice (A) choice (D) choice. Of the answer choices above, the best answer choice is (",C,0,control,[-2.2235107421875]
"Select an answer choice (C) choice (B) choice (A) choice (D) choice. Of the answer choices above, the best answer choice is (",B,0,control,[-3.8485107421875]
"Select an answer choice (C) choice (B) choice (A) choice (D) choice. Of the answer choices above, the best answer choice is (",A,1,control,[-1.4735107421875]
"Select an answer choice (C) choice (B) choice (A) choice (D) choice. Of the answer choices above, the best answer choice is (",D,0,control,[-3.3485107421875]
"Select an answer choice (C) choice (B) choice (D) choice (A) choice. Of the answer choices above, the best answer choice is (",C,0,control,[-2.2285308837890625]
"Select an answer choice (C) choice (B) choice (D) choice (A) choice. Of the answer choices above, the best answer choice is (",B,0,control,[-3.7285308837890625]
"Select an answer choice (C) choice (B) choice (D) choice (A) choice. Of the answer choices above, the best answer choice is (",D,0,control,[-3.3535308837890625]
"Select an answer choice (C) choice (B) choice (D) choice (A) choice. Of the answer choices above, the best answer choice is (",A,1,control,[-1.4785308837890625]
"Select an answer choice (C) choice (D) choice (A) choice (B) choice. Of the answer choices above, the best answer choice is (",C,0,control,[-2.201507568359375]
"Select an answer choice (C) choice (D) choice (A) choice (B) choice. Of the answer choices above, the best answer choice is (",D,0,control,[-3.451507568359375]
"Select an answer choice (C) choice (D) choice (A) choice (B) choice. Of the answer choices above, the best answer choice is (",A,1,control,[-1.576507568359375]
"Select an answer choice (C) choice (D) choice (A) choice (B) choice. Of the answer choices above, the best answer choice is (",B,0,control,[-4.451507568359375]
"Select an answer choice (C) choice (D) choice (B) choice (A) choice. Of the answer choices above, the best answer choice is (",C,0,control,[-2.0565948486328125]
"Select an answer choice (C) choice (D) choice (B) choice (A) choice. Of the answer choices above, the best answer choice is (",D,0,control,[-3.1815948486328125]
"Select an answer choice (C) choice (D) choice (B) choice (A) choice. Of the answer choices above, the best answer choice is (",B,0,control,[-3.8065948486328125]
"Select an answer choice (C) choice (D) choice (B) choice (A) choice. Of the answer choices above, the best answer choice is (",A,1,control,[-1.4315948486328125]
"Select an answer choice (D) choice (A) choice (B) choice (C) choice. Of the answer choices above, the best answer choice is (",D,0,control,[-1.8371734619140625]
"Select an answer choice (D) choice (A) choice (B) choice (C) choice. Of the answer choices above, the best answer choice is (",A,1,control,[-1.5871734619140625]
"Select an answer choice (D) choice (A) choice (B) choice (C) choice. Of the answer choices above, the best answer choice is (",B,0,control,[-4.4621734619140625]
"Select an answer choice (D) choice (A) choice (B) choice (C) choice. Of the answer choices above, the best answer choice is (",C,0,control,[-4.4621734619140625]
"Select an answer choice (D) choice (A) choice (C) choice (B) choice. Of the answer choices above, the best answer choice is (",D,0,control,[-1.8060150146484375]
"Select an answer choice (D) choice (A) choice (C) choice (B) choice. Of the answer choices above, the best answer choice is (",A,1,control,[-1.5560150146484375]
"Select an answer choice (D) choice (A) choice (C) choice (B) choice. Of the answer choices above, the best answer choice is (",C,0,control,[-3.8060150146484375]
"Select an answer choice (D) choice (A) choice (C) choice (B) choice. Of the answer choices above, the best answer choice is (",B,0,control,[-4.1810150146484375]
"Select an answer choice (D) choice (B) choice (A) choice (C) choice. Of the answer choices above, the best answer choice is (",D,0,control,[-1.7691497802734375]
"Select an answer choice (D) choice (B) choice (A) choice (C) choice. Of the answer choices above, the best answer choice is (",B,0,control,[-3.8941497802734375]
"Select an answer choice (D) choice (B) choice (A) choice (C) choice. Of the answer choices above, the best answer choice is (",A,1,control,[-1.6441497802734375]
"Select an answer choice (D) choice (B) choice (A) choice (C) choice. Of the answer choices above, the best answer choice is (",C,0,control,[-4.1441497802734375]
"Select an answer choice (D) choice (B) choice (C) choice (A) choice. Of the answer choices above, the best answer choice is (",D,0,control,[-1.6608123779296875]
"Select an answer choice (D) choice (B) choice (C) choice (A) choice. Of the answer choices above, the best answer choice is (",B,0,control,[-3.6608123779296875]
"Select an answer choice (D) choice (B) choice (C) choice (A) choice. Of the answer choices above, the best answer choice is (",C,0,control,[-4.0358123779296875]
"Select an answer choice (D) choice (B) choice (C) choice (A) choice. Of the answer choices above, the best answer choice is (",A,1,control,[-1.5358123779296875]
"Select an answer choice (D) choice (C) choice (A) choice (B) choice. Of the answer choices above, the best answer choice is (",D,0,control,[-1.8707122802734375]
"Select an answer choice (D) choice (C) choice (A) choice (B) choice. Of the answer choices above, the best answer choice is (",C,0,control,[-3.7457122802734375]
"Select an answer choice (D) choice (C) choice (A) choice (B) choice. Of the answer choices above, the best answer choice is (",A,1,control,[-1.7457122802734375]
"Select an answer choice (D) choice (C) choice (A) choice (B) choice. Of the answer choices above, the best answer choice is (",B,0,control,[-4.3707122802734375]
"Select an answer choice (D) choice (C) choice (B) choice (A) choice. Of the answer choices above, the best answer choice is (",D,0,control,[-1.662933349609375]
"Select an answer choice (D) choice (C) choice (B) choice (A) choice. Of the answer choices above, the best answer choice is (",C,0,control,[-3.662933349609375]
"Select an answer choice (D) choice (C) choice (B) choice (A) choice. Of the answer choices above, the best answer choice is (",B,0,control,[-4.162933349609375]
"Select an answer choice (D) choice (C) choice (B) choice (A) choice. Of the answer choices above, the best answer choice is (",A,1,control,[-1.537933349609375]
